Nome,Email,Telefone
Houston Flatley,Houston Flatley@email.com,959.386.4281
Han Koss Sr.,Han Koss Sr.@email.com,956-826-9409
Alaina Crooks,Alaina Crooks@email.com,1907528386
Lenard Runte,Lenard Runte@email.com,(514) 531-5940
Na Gutkowski,Na Gutkowski@email.com,2720549013
Landon Cartwright,Landon Cartwright@email.com,147-604-4797
Joesph Schiller,Joesph Schiller@email.com,461.170.3275
Howard Ward,Howard Ward@email.com,(550) 386-5400
Jaime Turner,Jaime Turner@email.com,209 984 4852
Irving VonRueden,Irving VonRueden@email.com,2244156996
